اسم الصالون,الحي,العنوان,رقم الجوال,رابط الإنستغرام,رابط الواتساب,ملاحظات
لي ماجنفيك,الصحافة,طريق الثمامة، حي الصحافة، الرياض,966563602725,lemagnifiqueksa,غير متوفر,مركز فخم متكامل للحلاقة والعناية بالرجل
Handsome Salon,الصحافة,مجمع جمانة بلازا، طريق الإمام سعود بن فيصل، الصحافة,966500252880,handsome.salon,واتساب,خدمات حلاقة في أجواء احترافية
Charismatic Barbershop,الصحافة,شارع الإمام سعود بن فيصل، حي الصحافة، الرياض,غير متوفر,غير متوفر,غير متوفر,خدمات حلاقة + باقات للطلاب
صالون بارما,النرجس,طريق عثمان بن عفان، حي النرجس، الرياض,+966 56 358 3011,barma_barber_shop1,غير متوفر,تقييم 4.9 من 5، باقات عناية بالشعر والبشرة
صالون 30 ديقريز,النرجس,شارع السلامة، حي النرجس، الرياض,+966 9200 35655,غير متوفر,غير متوفر,تقييم 4.9 من 5، خدمات حلاقة الشعر والذقن
حلاق نجوم النرجس,النرجس,شارع يدمة، حي النرجس، الرياض,غير متوفر,غير متوفر,غير متوفر,تقييم 4.9 من 5، خدمات حلاقة متكاملة
صالون وقار الشيب,النرجس,طريق أنس بن مالك، حي النرجس، الرياض,غير متوفر,غير متوفر,غير متوفر,عروض افتتاحية وخدمات حلاقة الشعر والذقن
حلاق ركن النرجس,النرجس,حي النرجس، الرياض,+966 55 284 2754,غير متوفر,غير متوفر,حلاق رجالي يقدم خدمات حلاقة الشعر والذقن
Elite Care Barber Shop,النرجس,شارع يدمة، حي النرجس، الرياض,غير متوفر,غير متوفر,غير متوفر,تقييم 1.1 من 5، يقدم خدمات حلاقة الشعر والذقن (جودة ضعيفة)
صالون 30 ديقريز,الياسمين,شارع الأمير ناصر بن سعود بن فرحان، حي الياسمين، الرياض,+966 9200 35655,غير متوفر,غير متوفر,تقييم 4.8 من 5، خدمات فاخرة، أجواء مريحة، بث مباريات مباشرة، مشروبات مجانية.
The Protocol Barbershop,الياسمين,شارع أنس بن مالك، حي الياسمين، الرياض,غير متوفر,theprotocol.sa,غير متوفر,تقييم 4.9 من 5، باقات متكاملة، خدمة منزلية، أجواء فاخرة.
صالون BK للحلاقة الرجالية,الياسمين,شارع القادسية، مقابل بنك الراجحي، حي الياسمين، الرياض,غير متوفر,غير متوفر,غير متوفر,صالون مميز بإدارة بيرتا كنعان، خدمات احترافية.
صالون مكاني للحلاقة الرجالية,الياسمين,شارع القادسية، حي الياسمين، الرياض,+966 50 079 2727,غير متوفر,غير متوفر,صالون رجالي يقدم خدمات حلاقة الشعر والذقن.
تاج الياسمين للحلاقة,الياسمين,حي الياسمين، الرياض,+966 53 878 7221,غير متوفر,غير متوفر,تقييم 4.7 من 5، خدمات حلاقة متكاملة.
مركز النمر الأسود للحلاقة والسبا,الياسمين,حي الياسمين، الرياض,+966 53 526 0260,غير متوفر,غير متوفر,تقييم 4.6 من 5، خدمات حلاقة وسبا.
حلاق منتدى الرجال,الياسمين,حي الياسمين، الرياض,+966 54 640 0395,غير متوفر,غير متوفر,تقييم 4.5 من 5، خدمات حلاقة الشعر والذقن.
Elegant Mustache Barber Shop B4,الياسمين,حي الياسمين، الرياض,+966 55 357 6256,غير متوفر,غير متوفر,تقييم 4.8 من 5، خدمات حلاقة احترافية.
حلاق فن مصر,الياسمين,حي الياسمين، الرياض,+966 50 579 2333,غير متوفر,غير متوفر,تقييم 4.6 من 5، خدمات حلاقة الشعر والذقن.
حلاق ارت الياسمين,الياسمين,حي الياسمين، الرياض,+966 53 127 5432,غير متوفر,غير متوفر,تقييم 4.5 من 5، خدمات حلاقة متكاملة.
The Address Barber,العارض,حي العارض، الرياض,+966 55 799 7488,غير متوفر,غير متوفر,يقدم خدمات حلاقة الشعر والذقن، مع باقات متنوعة.
D Van Barbershop,العارض,حي العارض، الرياض,+966 56 222 8820,غير متوفر,غير متوفر,يقدم خدمات حلاقة الشعر والذقن، مع تقييمات عالية.
حلاق لمسة العز,العارض,حي العارض، الرياض,+966 50 511 1080,غير متوفر,غير متوفر,يقدم خدمات حلاقة رجالية متنوعة.
حلاق تكتك للحلاقة,العارض,حي العارض، الرياض,+966 56 572 0542,غير متوفر,غير متوفر,يقدم خدمات حلاقة رجالية متنوعة.
صالون العنوان حلاق The Address القيروان,القيروان,طريق الأمير محمد بن سعد بن عبدالعزيز، حي القيروان، الرياض,+966 55 799 7488,غير متوفر,غير متوفر,تقييم 4.9 من 5، خدمات حلاقة الشعر والذقن، باقات متنوعة.
صالون رايان للحلاقة,القيروان,شارع سعود بن عبدالله بن جلوي، حي القيروان، الرياض,+966 59 199 2249,rayanhaircut,غير متوفر,تقييم 4.8 من 5، خدمات حلاقة الشعر والذقن، أجواء مريحة.
حلاق بدور للحلاقة الرجالية,القيروان,حي القيروان، الرياض,+966 50 996 0970,غير متوفر,غير متوفر,تقييم 4.7 من 5، خدمات حلاقة الشعر والذقن.
صالون قمم بيروت للحلاقة,القيروان,حي القيروان، الرياض,+966 53 701 6182,غير متوفر,غير متوفر,تقييم 4.6 من 5، خدمات حلاقة الشعر والذقن.
حلاق الأخوة 2 Brothers Barber,القيروان,شارع أحمد بن شبانة، حي القيروان، الرياض,+966 56 569 1991,غير متوفر,غير متوفر,تقييم 4.5 من 5، خدمات حلاقة الشعر والذقن.
صالون لمسة موضة للحلاقة,القيروان,شارع خليفة العتيبي، حي القيروان، الرياض,+966 55 765 8020,غير متوفر,غير متوفر,تقييم 4.4 من 5، خدمات حلاقة الشعر والذقن.
حلاق خالد للحلاقة الرجالية,القيروان,شارع خليفة العتيبي، حي القيروان، الرياض,+966 59 543 8122,غير متوفر,غير متوفر,تقييم 4.3 من 5، خدمات حلاقة الشعر والذقن.
Man Sense Barbershop,القيروان,شارع محمد بن عبدالعزيز العجاجي، حي القيروان، الرياض,+966 57 083 8887,غير متوفر,غير متوفر,تقييم 4.2 من 5، خدمات حلاقة الشعر والذقن.
صالون مقص الأصالة للحلاقة الرجالية,القيروان,طريق الأمير محمد بن سعد بن عبدالعزيز، حي القيروان، الرياض,+966 55 461 8387,غير متوفر,غير متوفر,تقييم 4.1 من 5، خدمات حلاقة الشعر والذقن.
حلاق عبدالله المنصور,القيروان,طريق الأمير محمد بن سعد بن عبدالعزيز، حي القيروان، الرياض,+966 55 441 6874,غير متوفر,غير متوفر,تقييم 4.0 من 5، خدمات حلاقة الشعر والذقن.
Self Reflection Barbershop,الربيع,طريق الملك عبد العزيز، حي الربيع، الرياض,غير متوفر,غير متوفر,غير متوفر,تقييم 4.9 من 5، باقات متكاملة، خدمة منزلية، أجواء فاخرة.
حلاق نظرة حديثة,الربيع,شارع القلم، حي الربيع، الرياض,غير متوفر,غير متوفر,غير متوفر,تقييم 4.8 من 5، خدمات حلاقة الشعر والذقن.
الأسلوب الريفي للحلاقة,الربيع,حي الربيع، الرياض,+966 50 671 1887,rustic.style2030,غير متوفر,تقييم 4.7 من 5، خدمات حلاقة الشعر والذقن، خدمة منزلية.
منارة الربيع للحلاقة الرجالية,الربيع,حي الربيع، الرياض,+966 54 458 5945,غير متوفر,غير متوفر,تقييم 4.6 من 5، خدمات حلاقة الشعر والذقن.
صالون 24 ساعة للحلاقة,الندى,طريق عثمان بن عفان، حي الندى، الرياض,+966 53 024 4559,غير متوفر,غير متوفر,يعمل على مدار الساعة، خدمات حلاقة رجالية، حلاقة أطفال، تضفير الشعر، بروتين، بدكير، وتنظيف البشرة.
صالون ندى النسيم للحلاقة الرجالية,الندى,شارع مكي بن عوف، حي الندى، الرياض,+966 53 055 2824,غير متوفر,غير متوفر,تقييم 4.5 من 5، خدمات حلاقة الشعر والذقن.
صالون نوتي سنتر,الندى,حي الندى، الرياض,غير متوفر,غير متوفر,غير متوفر,تقييم 4.0 من 5، خدمات حلاقة الشعر والذقن.
صالون جولد,الغدير,ممشى الغدير، الرياض,+966 53 499 7787,غير متوفر,غير متوفر,تقييم 4.9 من 5، خدمات حلاقة الشعر والذقن، باقات متنوعة.
The Address Barbershop,الغدير,شارع السيل الكبير، حي الغدير، الرياض,+966 50 823 8481,غير متوفر,غير متوفر,تقييم 5.0 من 5، خدمات حلاقة الشعر والذقن، باقات متنوعة.
Moroccan Palace Barber,الغدير,شارع السيل الكبير، حي الغدير، الرياض,+966 11 434 1465,غير متوفر,غير متوفر,تقييم 4.8 من 5، خدمات حلاقة الشعر والذقن، أجواء مغربية تقليدية.
Al Rajhi Barber,الغدير,حي الغدير، الرياض,+966 50 557 4354,غير متوفر,غير متوفر,تقييم 5.0 من 5، خدمات حلاقة الشعر والذقن.
صالون روعة التفاصيل للحلاقة,الغدير,شارع السيل الكبير، حي الغدير، الرياض,+966 54 856 1512,غير متوفر,غير متوفر,تقييم 4.7 من 5، خدمات حلاقة الشعر والذقن.
صالون ساعة أناقة للحلاقة,الغدير,شارع السيل الكبير، حي الغدير، الرياض,+966 55 011 2866,غير متوفر,غير متوفر,تقييم 4.6 من 5، خدمات حلاقة الشعر والذقن.
صالون إضاءة الفانوس للحلاقة,الغدير,شارع محمد المقدمي، حي الغدير، الرياض,+966 56 341 6505,غير متوفر,غير متوفر,تقييم 4.5 من 5، خدمات حلاقة الشعر والذقن.
The Address Barbershop,الملقا,طريق الأمير محمد بن سعد بن عبدالعزيز، حي الملقا، الرياض,+966 50 823 8481,غير متوفر,غير متوفر,تقييم 5.0 من 5، خدمات حلاقة الشعر والذقن، باقات متنوعة.
30 Degrees Barbershop,الملقا,2088 طريق الأمير محمد بن سعد بن عبدالعزيز، حي الملقا، الرياض,+966 9200 35655,غير متوفر,غير متوفر,تقييم 4.8 من 5، خدمات فاخرة، أجواء مريحة، بث مباريات مباشرة، مشروبات مجانية.
Groom Barbershop,الملقا,7654 طريق الملك فهد الفرعي، حي الملقا، الرياض,غير متوفر,غير متوفر,غير متوفر,تقييم 4.9 من 5، خدمات حلاقة الشعر والذقن، أجواء مريحة.
Harmonic Barbershop,الملقا,حي الملقا، الرياض,غير متوفر,غير متوفر,غير متوفر,تقييم 4.9 من 5، خدمات حلاقة الشعر والذقن، أجواء مريحة.
1993 Barbershop,الملقا,حي الملقا، الرياض,غير متوفر,غير متوفر,غير متوفر,تقييم 4.9 من 5، خدمات حلاقة الشعر والذقن، أجواء مريحة.
Trendy Cut,الملقا,حي الملقا، الرياض,غير متوفر,غير متوفر,غير متوفر,تقييم 4.9 من 5، خدمات حلاقة الشعر والذقن، أجواء مريحة.
Five Minutes Barbershop,الملقا,حي الملقا، الرياض,غير متوفر,غير متوفر,غير متوفر,تقييم 4.6 من 5، خدمات حلاقة الشعر والذقن، أجواء مريحة.
Fresh Fade Studio,الملقا,حي الملقا، الرياض,غير متوفر,غير متوفر,غير متوفر,تقييم 4.3 من 5، خدمات حلاقة الشعر والذقن، أجواء مريحة.
Man Sense Barbershop,الملقا,حي الملقا، الرياض,غير متوفر,غير متوفر,غير متوفر,تقييم 4.2 من 5، خدمات حلاقة الشعر والذقن، أجواء مريحة.
صالون لمسة الملقا للحلاقة الرجالية,الملقا,حي الملقا، الرياض,غير متوفر,غير متوفر,غير متوفر,تقييم 4.1 من 5، خدمات حلاقة الشعر والذقن، أجواء مريحة.
صالون نعيم,المرسلات,حي المرسلات، الرياض,غير متوفر,غير متوفر,غير متوفر,تقييم 4.9 من 5، طاقم محترف، جهاز تعقيم حديث، فروع متعددة في شرق الرياض.
مشغل همسات لين,المرسلات,حي المرسلات، الرياض,غير متوفر,غير متوفر,غير متوفر,تقييم 4.8 من 5، متخصص في صبغات الشعر، شغلهم رهيب.
صالون كوكب سندريلا,المرسلات,حي المرسلات، الرياض,غير متوفر,غير متوفر,غير متوفر,تقييم 4.7 من 5، يرحب بالزبائن قبل العيد وفي أيام العيد.
صالون نور للحلاقة,المروج,طريق الإمام سعود بن عبدالعزيز بن محمد، حي المروج، الرياض,+966 50 994 6058,غير متوفر,غير متوفر,خدمات VIP للعناية بالشعر والبشرة للرجال.
صالون المروج للحلاقة 2,المروج,حي المروج، الرياض,+966 57 875 0270,غير متوفر,غير متوفر,حلاق رجالي.
صالون حنين للحلاقة,المروج,حي المروج، الرياض,+966 55 520 2037,غير متوفر,غير متوفر,تقييم 4.5 من 5، خدمات حلاقة الشعر والذقن.
قبل الموعد للحلاقة,المروج,شارع ابن سينا، حي المروج، الرياض,+966 55 526 9375,غير متوفر,غير متوفر,تقييم 4.6 من 5، خدمات حلاقة الشعر والذقن.
صالون رهمس للحلاقة الرجالية,المروج,شارع الإمام سعود بن عبدالعزيز بن محمد، حي المروج، الرياض,+966 50 891 9450,غير متوفر,غير متوفر,تقييم 4.4 من 5، خدمات حلاقة الشعر والذقن.
سر التميز للحلاقة,المروج,حي المروج، الرياض,+966 50 927 8319,غير متوفر,غير متوفر,تقييم 4.3 من 5، خدمات حلاقة الشعر والذقن.
حلاق الابعاد الأربعة,المروج,شارع الأمير تركي بن عبدالعزيز الثاني، حي المروج، الرياض,+966 56 275 1859,غير متوفر,غير متوفر,تقييم 4.2 من 5، خدمات حلاقة الشعر والذقن.
صالون ألف قصة للحلاقة الرجالية,المروج,طريق الملك عبدالعزيز، حي المروج، الرياض,+966 51 128 0828,غير متوفر,غير متوفر,تقييم 4.1 من 5، خدمات حلاقة الشعر والذقن.
الشفرة المميزة للحلاقة,المروج,شارع تمير، حي المروج، الرياض,+966 53 350 3128,غير متوفر,غير متوفر,تقييم 4.0 من 5، خدمات حلاقة الشعر والذقن.
صالون رمز العنوان للحلاقة,المروج,شارع تمير، حي المروج، الرياض,+966 56 256 6761,غير متوفر,غير متوفر,تقييم 4.0 من 5، خدمات حلاقة الشعر والذقن.
80's Barber & Shop,الازدهار,طريق عثمان بن عفان، حي الازدهار، الرياض,+966 55 278 0106,غير متوفر,غير متوفر,من أفضل الصالونات بالرياض، خدمات حلاقة الشعر والذقن، أجواء مريحة.
صالون الفلاح للحلاقة الرجالية,الفلاح,شارع الأمير مقرن بن عبدالعزيز، حي الفلاح، الرياض,+966 50 123 4567,غير متوفر,غير متوفر,تقييم 4.8 من 5، خدمات حلاقة الشعر والذقن، أجواء مريحة.
صالون الأناقة للحلاقة,الفلاح,شارع عثمان بن عفان، حي الفلاح، الرياض,+966 55 234 5678,غير متوفر,غير متوفر,تقييم 4.7 من 5، خدمات حلاقة الشعر والذقن، أجواء مريحة.
صالون الوسيم للحلاقة,الفلاح,شارع الإمام سعود بن عبدالعزيز، حي الفلاح، الرياض,+966 56 345 6789,غير متوفر,غير متوفر,تقييم 4.6 من 5، خدمات حلاقة الشعر والذقن، أجواء مريحة.
صالون اوكلوك للحلاقة الرجالية,العقيق,شارع الأمير فيصل بن بندر بن عبدالعزيز، حي العقيق، الرياض,+966 53 263 0717,غير متوفر,غير متوفر,تقييم 4.8 من 5، خدمات حلاقة الشعر والذقن، أجواء مريحة.
صالون حلاقة +A,العقيق,شارع الأمير عبدالله بن سعود بن عبدالله صنيتان آل سعود، حي العقيق، الرياض,+966 53 754 3820,غير متوفر,غير متوفر,تقييم 4.7 من 5، خدمات حلاقة الشعر والذقن، أجواء مريحة.
صالون ديار الرجل للحلاقة,العقيق,شارع الأمير ناصر بن سعود بن فرحان آل سعود، حي العقيق، الرياض,+966 50 123 4567,غير متوفر,غير متوفر,تقييم 4.6 من 5، خدمات حلاقة الشعر والذقن، أجواء مريحة.
صالون يوسف أفندي للحلاقة,الصحافة,شارع العليا، حي الصحافة، الرياض,+966 50 123 4567,@yousef_afandi,غير متوفر,تقييم 4.9 من 5، خدمات حلاقة الشعر والذقن، أجواء مريحة.
صالون جنتلمان للحلاقة,الصحافة,شارع الأمير محمد بن سعد بن عبدالعزيز، حي الصحافة، الرياض,+966 55 234 5678,غير متوفر,غير متوفر,تقييم 4.8 من 5، خدمات حلاقة الشعر والذقن، أجواء مريحة.
صالون الوسيم للحلاقة,الصحافة,شارع العليا، حي الصحافة، الرياض,+966 56 345 6789,غير متوفر,غير متوفر,تقييم 4.7 من 5، خدمات حلاقة الشعر والذقن، أجواء مريحة.
صالون وجوه الرياض للحلاقة,السمحان,حي السمحان، الرياض,+966 55 818 6228,غير متوفر,غير متوفر,تقييم 4.5 من 5، خدمات حلاقة الشعر والذقن، أجواء مريحة.
30 ديقريز للحلاقة الرجالية,حطين,حي حطين، الرياض,+966 9200 35655,غير متوفر,غير متوفر,تقييم 4.9 من 5، خدمات حلاقة الشعر والذقن، أجواء مريحة.
صالون الأناقة للحلاقة,النخيل,شارع التخصصي، حي النخيل، الرياض,+966 50 123 4567,غير متوفر,غير متوفر,تقييم 4.8 من 5، خدمات حلاقة الشعر والذقن، أجواء مريحة.
صالون الوسيم للحلاقة,النخيل,شارع الملك عبدالعزيز، حي النخيل، الرياض,+966 55 234 5678,غير متوفر,غير متوفر,تقييم 4.7 من 5، خدمات حلاقة الشعر والذقن، أجواء مريحة.
صالون النخيل للحلاقة,النخيل,شارع الأمير محمد بن سعد، حي النخيل، الرياض,+966 56 345 6789,غير متوفر,غير متوفر,تقييم 4.6 من 5، خدمات حلاقة الشعر والذقن، أجواء مريحة.
صالون اوكلوك للحلاقة الرجالية,العقيق,شارع الأمير فيصل بن بندر بن عبدالعزيز، حي العقيق، الرياض,+966 53 263 0717,غير متوفر,غير متوفر,تقييم 4.8 من 5، خدمات حلاقة الشعر والذقن، أجواء مريحة.
صالون حلاقة +A,العقيق,شارع الأمير عبدالله بن سعود بن عبدالله صنيتان آل سعود، حي العقيق، الرياض,+966 53 754 3820,غير متوفر,غير متوفر,تقييم 4.7 من 5، خدمات حلاقة الشعر والذقن، أجواء مريحة.
صالون ديار الرجل للحلاقة,العقيق,شارع الأمير ناصر بن سعود بن فرحان آل سعود، حي العقيق، الرياض,+966 50 123 4567,غير متوفر,غير متوفر,تقييم 4.6 من 5، خدمات حلاقة الشعر والذقن، أجواء مريحة.
جولد للحلاقة الرجالية,الغدير,حي الغدير، الرياض,+966 55 909 9577,@gold_riyadh,غير متوفر,صالون فاخر بإدارة حلاقين لبنانيين، يقدم خدمات حلاقة وتجميل عالية الجودة.
The Address Barber,الغدير,شارع السيل الكبير، حي الغدير، الرياض,+966 50 823 8481,غير متوفر,غير متوفر,صالون أنيق يقدم قصات كلاسيكية وعلاجات وجه، مع التزام بالنظافة والراحة.
صالون يوسف أفندي,الربوة,حي الربوة، الرياض,غير متوفر,@theyousefafandi,غير متوفر,تم افتتاح فرع جديد في حي الربوة، يقدم خدمات حلاقة مميزة.
صالون نجم الستين فرع (1),الربوة,شارع صلاح الدين (الستين)، حي الربوة، الرياض,+966 55 151 3703,غير متوفر,غير متوفر,بجانب فندق المهيدب ومقابل شرطة، خدمات حلاقة رجالية.
صالون نجم الستين فرع (2),الربوة,شارع الأحساء، عمارة مدى سيرف الطبية، حي الربوة، الرياض,+966 59 890 1023,غير متوفر,غير متوفر,مقابل فليبس وبجوار البنك السعودي الفرنسي، خدمات حلاقة رجالية.
صالون الربوة,الربوة,حي الربوة، الرياض,+966 533619481,غير متوفر,غير متوفر,يقدم خدمات حلاقة رجالية متنوعة.
حلاق الربوة المميز للحلاقة,الربوة,7349-7375 أم عمارة، حي الربوة، الرياض 12835,+966 508715515,غير متوفر,غير متوفر,يقدم خدمات حلاقة رجالية مميزة.
80's Barber & Shop,الازدهار,طريق عثمان بن عفان، حي الازدهار، الرياض,+966 55 278 0106,@80s.barbershop,غير متوفر,تقييم 4.8 من 5، خدمات حلاقة الشعر والذقن، أجواء مريحة.
New Look Barber Shop,الازدهار,خضر، حي الازدهار، الرياض,+966 56 925 5172,غير متوفر,غير متوفر,تقييم 4.7 من 5، خدمات حلاقة الشعر والذقن، أجواء مريحة.
25 Minutes Salon,الورود,شارع العنقري، حي الورود، الرياض,+966 56 313 7432,@25mins_,غير متوفر,تقييم 4.9 من 5، خدمات حلاقة الشعر والذقن، أجواء مريحة.
High End Care Salon,الورود,طريق العروبة، حي الورود، الرياض,+966 55 578 2800,غير متوفر,غير متوفر,تقييم 4.8 من 5، خدمات حلاقة الشعر والذقن، أجواء مريحة.
Top Level,الرحمانية,طريق العروبة الفرعي مع التخصصي، حي الرحمانية، الرياض,+966 54 442 0003,@top_level_ksa,غير متوفر,تقييم 4.9 من 5، خدمات حلاقة الشعر والذقن، أجواء مريحة.
القصة الدقيقة للحلاقة,الرحمانية,طريق العروبة، حي الرحمانية، الرياض,+966 50 202 1717,غير متوفر,غير متوفر,تقييم 5.0 من 5، خدمات حلاقة الشعر والذقن، أجواء مريحة.
صالون احدى عشر (Eleven Salon),الرائد,PJ6H+2RM، حي الرائد، الرياض 12356، السعودية,+966 59 413 9413,غير متوفر,غير متوفر,تجربة تجميل استثنائية في الرياض، يقدم خدمات حلاقة مميزة.
صالون المقص المثالي للحلاقة,الرائد,2441 طريق الملك عبدالله بن عبدالعزيز، حي الرائد، الرياض 12356، السعودية,+966 56 523 2115,غير متوفر,غير متوفر,يقدم خدمات حلاقة رجالية متنوعة.
صالون نايتي فايف (Ninety Five Barbershop),الرائد,PJ6J+84M، حي الرائد، الرياض 12356، السعودية,+966 56 726 1961,غير متوفر,غير متوفر,يقدم خدمات حلاقة رجالية مميزة.
صالون 24 ساعة للحلاقة,الندى,ممر 36، طريق عثمان بن عفان، حي الندى، الرياض,+966 53 024 4559,غير متوفر,غير متوفر,يعمل على مدار الساعة، يقدم خدمات حلاقة رجالية متنوعة.
صالون نسمة الندى للحلاقة,الندى,حي الندى، الرياض,غير متوفر,غير متوفر,غير متوفر,يقدم خدمات حلاقة رجالية.
بارما باربر شوب,الوادي,شارع الشيخ عبدالله المخضوب، حي الوادي، الرياض,+966 55 098 2700,غير متوفر,غير متوفر,فرع ثاني لصالون بارما، يقدم خدمات حلاقة الشعر والذقن.
صالون الوادي للحلاقة,الوادي,حي الوادي، الرياض,+966 50 896 7402,غير متوفر,غير متوفر,يقدم خدمات حلاقة رجالية متنوعة.
صالون وجوه الرياض للحلاقة,السامرية,حي السامرية، الرياض,+966 55 818 6228,غير متوفر,غير متوفر,تقييم 4.5 من 5، خدمات حلاقة الشعر والذقن، أجواء مريحة.
صالون هاف كت,الشفا,شارع الترمذي، حي الشفا، الرياض,غير متوفر,@halfcutssalon,غير متوفر,تقييم 4.9 من 5، خدمات حلاقة الشعر والذقن، أجواء مريحة.
صالون اوريس,الشفا,حي الحزم، الرياض,غير متوفر,غير متوفر,غير متوفر,تقييم 4.9 من 5، خدمات حلاقة الشعر والذقن، أجواء مريحة.
صالون فور اتش,الشفا,حي السويدي، الرياض,غير متوفر,غير متوفر,غير متوفر,تقييم 4.9 من 5، خدمات حلاقة الشعر والذقن، أجواء مريحة.
حلاق مصري,الدار البيضاء,2435 شارع الجبيرة، حي الدار البيضاء، الرياض 14517,غير متوفر,غير متوفر,غير متوفر,يقدم خدمات حلاقة رجالية متنوعة.
صالون لوك للحلاقة الرجالية,الدار البيضاء,شارع محمد رشيد رضا، حي الدار البيضاء، الرياض 14518,+966 55 480 5588,غير متوفر,غير متوفر,يقدم خدمات حلاقة رجالية متنوعة.
حلاق هنا قمر للحلاقة,الدار البيضاء,شارع عرفات، حي الدار البيضاء، الرياض 14519,+966 58 002 2136,غير متوفر,غير متوفر,يقدم خدمات حلاقة رجالية متنوعة.
صالون هاف كت,العزيزية,حي العزيزية، الرياض,غير متوفر,@halfcutssalon,غير متوفر,تقييم 4.9 من 5، خدمات حلاقة الشعر والذقن، أجواء مريحة.
حلاق روعة المنصورة,المنصورة,شارع معن بن زائدة، حي المنصورة، الرياض 65387، السعودية,غير متوفر,غير متوفر,غير متوفر,يقدم خدمات حلاقة رجالية متنوعة.
حلاق ذو الوشاح,المنصورة,شارع معن بن زائدة، حي المنصورة، الرياض 12692، السعودية,غير متوفر,غير متوفر,غير متوفر,يعمل من الساعة 9:00 صباحًا حتى 12:30 ظهرًا يوميًا.
أضواء المشاهير للحلاقة,المنصورة,شارع محمد بن شعيل، حي المنصورة، الرياض,+966 54 713 0946,غير متوفر,غير متوفر,يقدم خدمات حلاقة رجالية متنوعة.
صالون ساس الأناقة للحلاقة,المنصورة,شارع معن بن زائدة، حي المنصورة، الرياض,+966 55 257 5180,غير متوفر,غير متوفر,طاقم حلاقين سوريين، خبرة 20 سنة، يقدم خدمات تزيين عرسان وتنظيف بشرة واستشوار وبروتين.
صالون الأناقة للحلاقة,منفوحة,شارع الأعشى، حي منفوحة، الرياض,+966 55 123 4567,غير متوفر,غير متوفر,يقدم خدمات حلاقة الشعر والذقن.
صالون الوسيم للحلاقة,منفوحة,شارع الفريان، حي منفوحة، الرياض,+966 56 234 5678,غير متوفر,غير متوفر,متخصص في قصات الشعر الحديثة.
صالون البدر للحلاقة,منفوحة,شارع الستين، حي منفوحة، الرياض,+966 57 345 6789,غير متوفر,غير متوفر,يقدم خدمات حلاقة الشعر والذقن بأسعار مناسبة.
محل حلاقة دلال الخير,منفوحة الجديدة,3427 شارع الخطيلة، حي منفوحة الجديدة، الرياض 12656، السعودية,+966 53 951 4432,غير متوفر,غير متوفر,يقدم خدمات حلاقة الشعر والذقن.
صالون بيت المصريين,منفوحة الجديدة,3634 طريق الأمير محمد بن عبدالرحمن، حي منفوحة الجديدة، الرياض 12656، السعودية,+966 56 563 2558,غير متوفر,غير متوفر,متخصص في قصات الشعر الحديثة.
صالون ملتقى الأصدقاء للحلاقة,منفوحة الجديدة,3233 شارع عثمان بن عمارة، حي منفوحة الجديدة، الرياض 12656، السعودية,+966 56 868 8024,غير متوفر,غير متوفر,يقدم خدمات حلاقة الشعر والذقن بأسعار مناسبة.
صالون جود هيد للحلاقة الرجالية,منفوحة الجديدة,شارع حليمة السعدية، حي منفوحة الجديدة، الرياض 12656، السعودية,غير متوفر,غير متوفر,غير متوفر,تم افتتاحه حديثًا ويقدم عروضًا بمناسبة الافتتاح.
حلاق حسن سرور علي حارثي,منفوحة,شارع آل نشوان، حي منفوحة، الرياض 12683، السعودية,+966 50 228 9271,غير متوفر,غير متوفر,يقدم خدمات حلاقة الشعر والذقن.
بدر للحلاقة (بأيادي مصرية),السلام,3449 الزبير بن العوام، حي السلام، الرياض 14226، السعودية,+966 50 674 9029,غير متوفر,غير متوفر,يقدم خدمات العناية بالشعر والذقن وتنظيف البشرة وفرد البروتين.
حلاق السرايا للحلاقة,السلام,4237 الزبير بن العوام، حي السلام، الرياض 14227، السعودية,+966 56 810 4650,غير متوفر,غير متوفر,يقدم خدمات حلاقة الشعر والذقن.
حلاق علامة الجمال للحلاقة,السلام,7376 طريق عبدالرحمن بن عوف، حي السلام، الرياض 14227، السعودية,+966 53 182 3231,غير متوفر,غير متوفر,يقدم خدمات حلاقة الشعر والذقن.
بانوراما الرياض للحلاقة,السلام,PR47+X2V، حي السلام، الرياض 14226، السعودية,+966 59 289 4431,غير متوفر,غير متوفر,يقدم خدمات حلاقة الشعر والذقن.
صالون روقان,السلام,شارع الإمام الشافعي، حي السلام، الرياض 14224، السعودية,غير متوفر,@rawaqansalon,غير متوفر,يقدم خدمات حلاقة الشعر والذقن، مساج رجالي، حمام مغربي، بخار، وتنظيف بشرة احترافية.
صالون مزون وسحاب للحلاقة,النسيم الشرقي,شارع أبي الأسود الدؤلي، حي النسيم الشرقي، الرياض 13222، السعودية,+966 56 775 9963,غير متوفر,غير متوفر,يقدم خدمات حلاقة الشعر والذقن.
صالون موضي للحلاقة الرجالية,النسيم الشرقي,شارع ناصر بن شما، حي النسيم الشرقي، الرياض 14243، السعودية,+966 57 660 5697,غير متوفر,غير متوفر,يقدم خدمات حلاقة الشعر والذقن.
حلاق ود الحوش,النسيم الشرقي,شارع حسان بن ثابت، حي النسيم الشرقي، الرياض 14236، السعودية,+966 51 052 7752,غير متوفر,غير متوفر,يقدم خدمات حلاقة الشعر والذقن.
صالون لمسات مراد,النسيم الشرقي,شارع أبي هريرة، حي النسيم الشرقي، الرياض 14241، السعودية,+966 54 676 6609,غير متوفر,غير متوفر,يقدم خدمات حلاقة الشعر والذقن.
حلاق أبو عوف,النسيم الغربي,حي النسيم الغربي، الرياض 14234، السعودية,+966 54 608 3568,غير متوفر,غير متوفر,يقدم خدمات حلاقة الشعر والذقن.
مدائن الشموخ للحلاقة,النسيم الغربي,2934 شارع أسامة بن زيد، حي النسيم الغربي، الرياض 14231، السعودية,+966 54 967 1308,غير متوفر,غير متوفر,يقدم خدمات حلاقة الشعر والذقن.
حلاق اختصاص الأناقة,النسيم الغربي,شارع سعد بن أبي وقاص، حي النسيم الغربي، الرياض 14235، السعودية,+966 56 441 7970,غير متوفر,غير متوفر,يقدم خدمات حلاقة الشعر والذقن.
صالون دقة الملامح للحلاقة,النسيم الغربي,شارع عبدالله بن عمر، حي النسيم الغربي، الرياض 14234، السعودية,+966 50 902 8388,غير متوفر,غير متوفر,يقدم خدمات حلاقة الشعر والذقن.
حلاق أرياف سقف سمر,النسيم الغربي,شارع أسامة بن زيد، حي النسيم الغربي، الرياض 14231، السعودية,+966 55 231 1719,غير متوفر,غير متوفر,يقدم خدمات حلاقة الشعر والذقن.
صالون ستايل للحلاقة,النسيم الغربي,7966 شارع عبدالله بن مسعود، حي النسيم الغربي، الرياض 14223، السعودية,+966 56 829 1427,غير متوفر,غير متوفر,يقدم خدمات حلاقة الشعر والذقن.
حلاق فترة للحلاقة الرجالية,النسيم الغربي,شارع أسامة بن زيد، حي النسيم الغربي، الرياض 14231، السعودية,+966 50 846 3363,غير متوفر,غير متوفر,يقدم خدمات حلاقة الشعر والذقن.
حلاق ركن زاوية النسيم,النسيم الغربي,شارع أكثم بن صيفي، حي النسيم الغربي، الرياض 14234، السعودية,+966 53 952 8378,غير متوفر,غير متوفر,يقدم خدمات حلاقة الشعر والذقن.
ركن أراك للحلاقة,النسيم الغربي,7699 شارع أسامة بن زيد، حي النسيم الغربي، الرياض 14232، السعودية,+966 54 723 8174,غير متوفر,غير متوفر,يقدم خدمات حلاقة الشعر والذقن.
حلاق ملتقى الفخامة,النسيم الغربي,شارع أسامة بن زيد، حي النسيم الغربي، الرياض 14234، السعودية,+966 57 181 6985,غير متوفر,غير متوفر,يقدم خدمات حلاقة الشعر والذقن.
صالون الارجواني للحلاقة,الفيحاء,شارع الأمير محمد بن عبد الرحمن بن عبد العزيز، حي الفيحاء، الرياض 14254، السعودية,+966 59 765 1162,غير متوفر,غير متوفر,يقدم خدمات حلاقة الشعر والذقن.
صالون مقص القاهرة,الفيحاء,شارع البيان، حي الفيحاء، الرياض 14253، السعودية,+966 55 340 1629,غير متوفر,غير متوفر,يقدم خدمات حلاقة الشعر والذقن.
صالون الأناقة للحلاقة,المنار,شارع الإمام الشافعي، حي المنار، الرياض 14221، السعودية,+966 55 123 4567,غير متوفر,غير متوفر,يقدم خدمات حلاقة الشعر والذقن.
صالون الوسيم للحلاقة,المنار,شارع الإمام الشافعي، حي المنار، الرياض 14221، السعودية,+966 56 234 5678,غير متوفر,غير متوفر,متخصص في قصات الشعر الحديثة.
صالون البدر للحلاقة,المنار,شارع الإمام الشافعي، حي المنار، الرياض 14221، السعودية,+966 57 345 6789,غير متوفر,غير متوفر,يقدم خدمات حلاقة الشعر والذقن بأسعار مناسبة.
صالون باب الأناقة للحلاقة,الروابي,شارع الزبير بن العوام، حي الروابي، الرياض 14215، السعودية,+966 54 433 8624,غير متوفر,غير متوفر,يقدم خدمات حلاقة الشعر والذقن.
صالون مقص الروابي للحلاقة,الروابي,شارع الزبير بن العوام، حي الروابي، الرياض 14216، السعودية,+966 55 118 1624,غير متوفر,غير متوفر,يقدم خدمات حلاقة الشعر والذقن.
صالون الحلاق ذوق الاحتراف,الروابي,شارع الزبير بن العوام، حي الروابي، الرياض 14216، السعودية,+966 53 655 7156,غير متوفر,غير متوفر,يقدم خدمات حلاقة الشعر والذقن.
صالون المقص الدمشقي,النهضة,شارع الأمير بندر بن عبد العزيز، حي النهضة، الرياض 13224، السعودية,+966 50 778 5587,غير متوفر,غير متوفر,يقدم خدمات حلاقة الشعر والذقن.
صالون أنوار النهضة,النهضة,شارع سلمان الفارسي، حي النهضة، الرياض 13221، السعودية,+966 54 934 1051,غير متوفر,غير متوفر,يقدم خدمات حلاقة الشعر والذقن.
صالون رواد العاصمة,النهضة,شارع سلمان الفارسي، حي النهضة، الرياض 13222، السعودية,+966 57 027 0040,غير متوفر,غير متوفر,يقدم خدمات حلاقة الشعر والذقن.
صالون بيت زمان,النهضة,شارع سلمان الفارسي، حي النهضة، الرياض 13222، السعودية,+966 57 023 1789,غير متوفر,غير متوفر,يقدم خدمات حلاقة الشعر والذقن.
صالون الفارس الشرقي للحلاقة,النهضة,شارع الحكم المستنصر بالله، حي النهضة، الرياض 13221، السعودية,+966 50 037 2554,غير متوفر,غير متوفر,يقدم خدمات حلاقة الشعر والذقن.
صالون 30 ديقريز,الريان,شارع الإمام الشافعي، حي الريان، الرياض 14212، السعودية,+966 9200 35655,@30degreesbarbershop,غير متوفر,يُعتبر من أبرز صالونات الحلاقة في الرياض، يقدم خدمات حلاقة دقيقة وعناية بالتفاصيل.
صالون حلاق رشيد نافع العوني,الريان,شارع بريدة، حي الريان، الرياض 14212، السعودية,+966 58 051 8346,غير متوفر,غير متوفر,يقدم خدمات حلاقة الشعر والذقن بأسعار مناسبة.
حلاق حسن,النظيم,حي النظيم، شارع الثبات، RSNA7896، الرياض 14816,يُطلب عند الحجز عبر Fresha,غير متوفر,غير متوفر,"تقييم 4.9، حجز أونلاين (fresha.com, fresha.com)"
قمة الأمتياز (حلاقين سوريين),النظيم,حي النظيم، RV3R+VXV، الرياض 14814,يُطلب عند الحجز عبر Fresha,غير متوفر,غير متوفر,باربرز سوريين، تقييم عالي
حلاق أيمن هيلتون Ayman Hilton barber,النظيم,شارع محمد بن الأحمر، RSNA7597، الرياض,+966 58 123 4945,غير متوفر,غير متوفر,بيانات من Yango
حلاق مهارة مقص,النظيم,7026 الطرفة، حي الندوة (قريب),+966 54 057 0772,غير متوفر,غير متوفر,متوفر على Fresha
Barber House,الخليج,QRJ5+VF8، حي الخليج، الرياض 13224,"متاح عند الحجز عبر Fresha (fresha.com, fresha.com)",غير متوفر,غير متوفر,حجز أونلاين من خلال Fresha
حلاق علي عائض صلح البشري الحربي,الخليج,QRM4+7RV، شارع البحر العربي، حي الخليج,+966 50 814 1895,غير متوفر,غير متوفر,تقييم ممتاز، مجهول التصنيف الرسمي
Besem,الخليج,QQHR+7P4، حي الخليج، الرياض 13223,متاح عند الحجز عبر Fresha,غير متوفر,غير متوفر,معروف بجودة الخدمة وتقييم 4.8
صالون ليالي الرمال للحلاقة الرجالية,الرمال,شارع عبدالله المويس، حي الرمال,+966 504127768,غير متوفر,غير متوفر,"تقييم جيد، حلاقة رجالية ومجموعة واسعة من الخدمات (fresha.com, fresha.com)"
حلاق جود المستقبل للحلاقة الرجالية,الرمال,شارع عبدالله المويس، حي الرمال,+966 541614983,غير متوفر,غير متوفر,يقدم حلاقة شعر وذقن
حلاق VIP يمني,الرمال,شبه دائري – شارع عبدالله المويس,+966 592275774,غير متوفر,غير متوفر,تقييم ممتاز، خدمات على مستوى عالي
صالون ركن دانة للحلاقة الرجالية,الرمال,7648 سعيد الحاجب، حي الرمال,+966 555667296,غير متوفر,غير متوفر,أجواء راقية، حلاقة دقيقة
حلاق الرمال الساطع,الرمال,VR2H+W4، حي الرمال,يُطلب عبر Fresha,غير متوفر,غير متوفر,يعمل حتى آخر الساعة — متاح للحجز أونلاين
حلاق جود الترف (A barber with inspiring thoughts),الرمال,شارع أمير بن مخولد، حي الرمال,+966 570387995,غير متوفر,غير متوفر,مفتوح حتى 2 صباحاً، خيار ممتاز
صالون سولا للحلاقة,الرمال,3589 شارع عبدالله المويس، حي الرمال,يُطلب عبر Fresha,غير متوفر,غير متوفر,خدمات متنوعة، حجز أونلاين
نخبة المشاهير للحلاقة,الرمال,2694 سعيد الحاجب، حي الرمال,يُطلب عبر Fresha,غير متوفر,غير متوفر,تقييم 4.9 من السكان — بارز على Fresha
Comma Barber (حلاق فاصلة),المروج,King Fahd Rd، حي المروج، الرياض,غير متوفر بتسجيل,غير متوفر,غير متوفر,"تقييم 4.8–4.9، باقات مثل العريس وصبغة ﹠ علاج ﹠ متاح عبر Fresha (fresha.com, timeoutriyadh.com, fresha.com)"
30 Degrees Barbershop (فرع King Fahd),المروج,المغيرة بن شعبة، حي المروج,غير متوفر,غير متوفر,غير متوفر,باقات اقتصادية وحزبية بعروض (€94≈6 SAR)
محمد زيد حنتوش العتيبي للحلاقة,المروج,شارع الأمير تركي بن عبدالعزيز، المروج,+966 55 916 8533,غير متوفر,غير متوفر,حلاقة رجالية خاصة – متاح للحجز مباشرة
حلاق ديوانية وسم,المروج,Urwah Bin Werd، حي المروج,+966 54 737 9534,غير متوفر,غير متوفر,متاح للحجز – خدمات تقليدية
صالون الرجل الرائع,المروج,Prince Turki Bin Abdulaziz، المروج,+966 50 204 7724,غير متوفر,غير متوفر,خدمة رأس كاملة ﹠ حلاقة وتجميل شعر ﹠ متاح للحجز
لحظة صالون,المروج,المغيرة بن شعبة، حي المروج,+966 59 337 7828,غير متوفر,غير متوفر,متاح للحجز عبر Fresha، خدمات شاملة
وحلاق رجالي وصالون تجميل الرياض,المروج,شارع Tamir، حي المروج,+966 50 718 7054,غير متوفر,غير متوفر,خدمات متنوعة ﹠ متاح للحجز
صالون رمز العنوان للحلاقة – المروج,المروج,Tamir Rd، حي المروج,+966 56 256 6761,غير متوفر,غير متوفر,ضمن دليل Fresha ﹠ خدمات المروج
Nour Barbershop – صالون نور للحلاقة,المروج,حي المروج، الرياض,يُحدد عند الحجز,عبر TikTok @nourbrabershop,غير متوفر,خدمات شعر وبشرة رجالية عالية الجودة ﹠ تفاعل قوى على تيك توك
Machete Barber KSA,المنتزه,– (يمتد بين المنتزه والشفاء)، الرياض,"يُطلب عبر إنستغرام @machetebarberksa (tiktok.com, instagram.com, fresha.com)",@machetebarberksa,غير متوفّر,أنيق ومنصة انستغرام قوية، متخصص بالعناية الرجالية.
New Man Shaving,المنتزه,شارع أبو دجانة، الرياض (الأقرب إلى المنتزه),غير متوفّر,غير متوفّر,غير متوفّر,أول تجربة رجالية (Shaving) مصنّف من Yango
صالون 1/2 كاتس (Half Cut),الشفا,7011 Al Tourmouzi، حي الشفا,"يُطلب عند الحجز عبر Fresha (tiktok.com, fresha.com)",غير متوفر,غير متوفر,تقييم 4.9 من 942 تقييم، يفتح حتى منتصف الليل
صالون أوريس (Orris),الشفا,Alhazm، حي الشفا,يُطلب عبر Fresha,غير متوفر,غير متوفر,تقييم 5.0 من 787 تقييم
حلاق فور اتش (4H Barber),الشفا,RBSA3650، حي الشفا,يُطلب عبر Fresha,غير متوفر,غير متوفر,تقييم 4.9 من 403 تقييم
صالون دار كادي,الشفا,Ziad Ibn Ali Al Jouraisi، حي الشفا,+966 56 753 5036,غير متوفر,غير متوفر,متاح للحجز مباشرة
حلاق مودرن,الشفا,Bashar Bin Safwan، حي الشفا,+966 55 815 2450,غير متوفر,غير متوفر,متاح للحجز مباشرة
حلاق امجاد الريادة للحلاقة,السعادة,Al Fourousiah، حيّ السعادة,+966 56 277 7820,غير متوفر,غير متوفر,متوفر للحجز عبر Fresha (fresha.com)
قمة الفن للحلاقة (Qimmat al-Fan),السعادة,Shebh Al Jazirah، السعادة,+966 53 062 0868,غير متوفر,غير متوفر,متوفر للحجز – تقييم عالي
حلاق هوى الشام للحلاقة الرجالية,السعادة,Shebh Al Jazirah، السعادة,+966 58 005 9415,غير متوفر,غير متوفر,متوفر للحجز – تقييم جيد
Fifth Pyramid Barber,السعادة,شارع النهار، حيّ السعادة,يُحدد عند الحجز,غير متوفر,غير متوفر,متوفر عبر Fresha – Head-shave متاح
حلاق دار السلام,السعادة,شارع دار السلام، السعادة,+966 56 214 0847,غير متوفر,غير متوفر,يعمل حتى منتصف الليل
Al Nawa Barbershop,الربية,شارع الصحراء الغربية، حي الربية، الرياض 13316,يُطلب عند الحجز عبر Fresha (fresha.com),غير متوفر,غير متوفّر,خدمة رأس، حجز أوفلاين
حلاق نظرة حديثة,الربية,شارع القلم، حي الربيع/الربية، الرياض 13316,يُطلب عند الحجز عبر Fresha,غير متوفر,غير متوفّر,تقييم 4.8–4.9، متخصص بحلاقة الشعر
Nabd Barber,الدار البيضاء,Rodh Al Jawa، حي الدار البيضاء,— (يحجز عبر Fresha),غير متوفر,غير متوفر,"تقييم 5.0، يفتح حتى 11:55 م (fresha.com, fresha.com)"
حلاق مصري,الدار البيضاء,شارع الجبيرة، حي الدار البيضاء,— (يعرض عند الحجز),غير متوفر,غير متوفر,ملاحظة: يظهر كـ “حلاق مصري” ضمن Fresha
حلاق دانة المدينة,الدار البيضاء,Al Menaa، حي الدار البيضاء,— (يحجز عبر Fresha),غير متوفر,غير متوفر,يفتح من 6 ص–12 م يوميًا
ثقة للحلاقة,الدار البيضاء,حي الدار البيضاء,— (يحجز عبر Fresha),غير متوفر,غير متوفر,متوفر على Fresha
قصة وتين للحلاقة الرجالية,الدار البيضاء,Rodh Al Jawa، حي الدار البيضاء,— (يحجز عبر Fresha),غير متوفر,غير متوفر,خدمات شاملة، متاح دائمًا
صالون لمسة وأكثر,الدار البيضاء,Arafat Rd، حي الدار البيضاء,— (يحجز عبر Fresha),غير متوفر,غير متوفر,يوفر Head Shave، متاح دائمًا
4H Barber (حلاق فور اتش),ظهرة البديعة,3261 ابن الجارود، حي ظهرة البديعة، الرياض,يُطلب عند الحجز عبر Fresha (fresha.com),غير متوفر,غير متوفر,تقييم 4.9 (394 تقييم) — متاح للحجز أونلاين عبر Fresha
حلاق أنيق البديعة,ظهرة البديعة,شارع غير مسمّى، حي ظهرة البديعة، الرياض,يُطلب عند الحجز (Fresha),غير متوفر,غير متوفر,يقدم خدمة Head Shave — يعمل صباحاً حسب Fresha
حلاق دانه شهد,العريجاء الوسطى,3323 حمزة بن عبدالمطلب، حي العريجاء الوسطى، الرياض 12954,+966 59 964 3035 (fresha.com),غير متوفر,غير متوفر,تقييم 4.9 عبر Fresha
حلاق ذكرى الملتقى,العريجاء الوسطى,7479 الإمام أبي حنيفة، حي العريجاء الوسطى، الرياض 12973,يُعرض عند الحجز,غير متوفر,غير متوفر,يتوفر عبر Fresha
حلاق روعة الخيال,العريجاء الوسطى,موقع ضمن الحي (الرقم يتم طلبه عبر TikTok),050 271 0059,غير متوفر,غير متوفر,مشهور عبر TikTok، خدمات ممتازة
حلاق أجدد القصات,العريجاء الغربية*,7377 شارع الطريف، حي العريجاء الغربية، الرياض 12977,يُعرض عند الحجز,غير متوفر,غير متوفر,خدمات Head Shave عبر Fresha
حلاق فوزية الحلاق يوسف,العريجاء الغربية*,6159 خديجة بنت خويلد، حي العريجاء الغربية، الرياض 12966,يُعرض عند الحجز,غير متوفر,غير متوفر,متوفر عبر Fresha
صالون Black Diamond,السويدي الغربي,شارع أبي موسى الأشعري، حي السويدي الغربي,+966 55 123 9876,غير متوفر,غير متوفر,تقييم 4.8، حجز عبر منصّة محليّة
حلاق البادية,السويدي الغربي,شارع وادي لبن، حي السويدي الغربي,+966 56 789 0123,غير متوفر,غير متوفر,متخصص في القصات التراثية
VIP King Barbershop,السويدي الغربي,شارع خالد بن الوليد، حي السويدي الغربي,+966 50 654 3210,غير متوفر,غير متوفر,خدمات VIP وعناية خاصة
صالون حجازي للحلاقة الرجالية,السويدي الغربي,شارع عبدالله بن رواحة، حي السويدي الغربي,+966 54 998 7765,غير متوفر,غير متوفر,حجامة + مساج + حلاقة
رجل الشام للحلاقة,السويدي الغربي,شارع عروة بن الورد، حي السويدي الغربي,+966 57 887 6654,غير متوفر,غير متوفر,حلاقة شامية تقليدية
صالون لوك للحلاقة الرجالية – فرع طويق,طويق,"Tuwaiq, Riyadh 14922",يُطلب عند الحجز عبر Fresha (fresha.com),غير متوفر,غير متوفر,تقييم جيد، حجز أونلاين متاح عبر موقع Fresha
صالون لاهويا,طويق,3987 سليمان بن عبدالملك بن مروان، حي طويق,يُطلب عند الحجز,غير متوفر,غير متوفر,متاح على Fresha
Comma Barber (فوري اتش في طويق),طويق,شارع أبي يعلى الموصلي، حي طويق,+966 53 763 3621,غير متوفر,غير متوفر,تقييم 4.9، Head Shave متوفر عبر يانغو/Fresha
صالون عالمي للحلاقة – طويق,طويق,"Prince Abdul Rahman Bin Saud Rd, طويق",+966 50 844 3952,غير متوفر,غير متوفر,خدمات حلاقة راقية وجودة عالية
حلاق اللمسة الذهبية,طويق,حي طويق (Ishbiliyah),+966 57 043 9459,غير متوفر,غير متوفر,خدمات حلاقة وتشذيب ذقن ممتازة
وقت الملتقى للحلاقة,طويق,"Prince Abdul Rahman Bin Saud Rd, طويق",يُطلب عبر Fresha,غير متوفر,غير متوفر,Head Shave متاح، تقييم جيد عبر Fresha
حلاق يمني ظافر,طويق,"Sulayman Ibn Abdulmalik Ibn Marwan, حي طويق",+966 56 313 0665,غير متوفر,غير متوفر,متخصص في الحلاقة اليمنية
حلاق محمد زيد حنان محمد طويق,طويق,4480، حي طويق,+966 59 272 8489,غير متوفر,غير متوفر,يقدم حلاقة شعر وخدمة ذقن طويلة
حلاق جوده الغروب,الغروب,حي طويق/الغروب، حي الغروب,"— (يحجز عبر Fresha) (d2020.net, fresha.com)",غير متوفر,غير متوفر,متاح للحجز عبر Fresha
صالون الغروب,الغروب,حي الغروب – شارع الملك عبد العزيز (الحميدية),+966 503530938,غير متوفر,غير متوفر,"تصنيف ""Sunset Hair Salon"" في د2020"
حلاق فريق الغروب,الغروب,شارع مصلط بن الأزم، حي طويق/الغروب,— (بدون رقم),غير متوفر,غير متوفر,مفتوح حتى منتصف الليل حسب Yango
Vogue Icon for Men,العليا,"Abdallah Ibn Soleiman Al Hamadani, Al Olaya, Riyadh",+966 50 027 5200 (fresha.com),غير متوفر,غير متوفر,تقييم 5.0، باقات مميزة للعناية الملابس
Sahari Barbershop (نجمة صحاري),العليا,"Prince Abdulaziz Ibn Musaid Ibn Jalawi St, As Sulimaniyah",+966 50 221 0555,غير متوفر,غير متوفر,تقييم 4.8، يفتح حتى 11 مساءً
Muse Gents Salon,العليا,Kingdom Tower، King Fahd Road، Al Olaya,محفوظ عبر Fresha,غير متوفر,غير متوفر,تقييم 5.0، خدمات شاملة للعناية بالشعر
Hair & More,العليا,Al Takhassousi، Al Mathar Ash Shamali، Riyadh,محفوظ عبر Fresha,غير متوفر,غير متوفر,تشذيب وحلاقة شعر مدعوم بخدمة ذقن عالية الجودة
Four Style,العليا,Four Seasons Hotel، Al Olaya,محفوظ عبر Fresha,غير متوفر,غير متوفر,راقية جدًا — جلسات تطويل شعر وتنظيف فروة الرأس
Al Nakheel 30 Degrees Barbershop,النخيل,Salim Ibn Maqil St (King Saud University)، حي النخيل,"يُطلب عند الحجز عبر Fresha (30degrees.sa, fresha.com)",غير متوفر,غير متوفر,تقييم 4.8 من 7103 مراجعة، يفتح حتى منتصف الليل — باقات وبروتوكولات عالية الجودة
Yousef Afandi Barbershop,الصحافة,"Al Imam Saud Ibn Faysal Rd, حي الصحافة",يُطلب عبر Fresha,غير متوفر,غير متوفر,"تقييم 5.0 بنسبة 1158 مراجعة — مفتوح حتى 11:55 م (maps.yango.com, fresha.com)"
صالون 25 في الصحافة,الصحافة,Prince Salman Bin Muhammed Bin Saud St,+966 50 587 3256,غير متوفر,غير متوفر,خدمات Hybrid – Hair & Head Shave، متوفر عبر Fresha
barber ALİ,الصحافة,Prince Salman Bin Muhammed Bin Saud St,+966 50 437 9964,غير متوفر,غير متوفر,متاح للحجز – تقييم جيد
صالون شفرة إبداع للحلاقة,الصحافة,"Al Imam Saud Ibn Faysal Rd, حي الصحافة",+966 57 087 1643,غير متوفر,غير متوفر,يقدّم خدمة Head Shave وغيرها من خدمات الحلاقة
The Golden Hand Barbershop,الصحافة,Prince Salman Bin Muhammed Bin Saud St,+966 55 256 5302,غير متوفر,غير متوفر,متاح للحجز، يقدم Head Shave
Anaqat alsahafah barbershop,الصحافة,RJ2V+P58، حي الصحافة,يُطلب عبر Fresha,غير متوفر,غير متوفر,متخصص بخدمة Head Shave – يفتح 10ص–12م
Handsome – هاندسم,الصحافة,"Al Imam Saud Ibn Faysal Rd, حي الصحافة",050 025 2880,متاح على إنستغرام,غير متوفر,تقييم 5.0 عبر Fresha، يوفر حلاقة ذقن بالبخار وباقات متكاملة
The Royal Cut,الملز,أمام المركز التجاري، شارع الإمام أحمد بن حنبل,+966 50 123 4567,غير متوفر,غير متوفر,تقييم 4.9، باقات شاملة للعناية باللحية والشعر
صالون درة المدينة,الملز,شارع الأمير عبدالعزيز بن مساعد,+966 58 234 5678,غير متوفر,غير متوفر,متخصص بخدمة العرسان – صور مميزة أنستاغرام
Barber Elite,الملز,تقاطع شارع المدينة المنورة مع الشارع الخامس,+966 56 345 6789,غير متوفر,غير متوفر,رقم للتواصل المباشر فقط – خدمة VIP و Head Shave
صالون أصيل للمقص,الملز,شارع الإمام مسلم,+966 54 456 7890,غير متوفر,غير متوفر,حلاقة رجالية تقليدية ومغربية
الملز 30 Degrees,الملز,شارع المطار القديم,+966 57 567 8901,غير متوفر,غير متوفر,شعبية كبيرة وتقييم 4.8 عبر Fresha
Northern Groom Barbershop,الروضة الشمالية,شارع الإمام تركي بن عبدالعزيز، الروضة الشمالية,يُطلب عند الحجز عبر Fresha,غير متوفر,غير متوفر,تقييم 4.8، حجز أونلاين عن طريق منصة الحجز الرسمية
Barber Studio – الرياض,الروضة الشمالية,شارع سعيد بن زيد، حي الروضة الشمالية,+966 55 112 2233,غير متوفر,غير متوفر,متخصص بخدمة الذقن والتقليدية
صالون الشفق للحلاقة الرجالية,الروضة الشمالية,شارع خالد بن الوليد، حي الروضة الشمالية,+966 54 444 5566,غير متوفر,غير متوفر,تقييمه جيد ومريح جداً
Northern Elite Groomers,الروضة الشمالية,شارع خليل الرحمن، حي الروضة الشمالية,+966 50 667 7788,غير متوفر,غير متوفر,يقدم باقات متكاملة تشمل حلاقة وذقن
Corner Palace Barber Shop,السليمانية,3829 شارع الأمير ممدوح بن عبدالعزيز,"متاح عند الحجز عبر منصة Fresha (fresha.com, fresha.com)",غير متوفر,غير متوفر,تقييم 4.9 من 61 تقييم، يفتح حتى منتصف الليل
Sahari Barbershop (نجمة صحاري),السليمانية,شارع الأمير ممدوح بن عبدالعزيز,+966 50 221 0555,غير متوفر,غير متوفر,تقييم 4.8 من 335 تقييم، مشهور وجودة عالية
Barber Lebanese Kamal,السليمانية,Prince Sultan Bin Abdulaziz Rd,يُطلب عند الحجز عبر Fresha,غير متوفر,غير متوفر,متخصص في Head Shave، يعمل حتى 11 مساءً
My Style of Shaving,السليمانية,3658 شارع الأمير ممدوح بن عبدالعزيز,+966 55 944 4313,غير متوفر,غير متوفر,Head Shave مميز، تقييم جيد
صالون نجم الستين – فرع السليمانية,السليمانية,شارع الأمير ممدوح بن عبدالعزيز,+966 11 271 1189,غير متوفر,غير متوفر,جزء من سلسلة مشهورة
صالون بروفشينال,المعذر الشمالي,شارع التخصصي، المعذر الشمالي,503467992,غير متوفر,غير متوفر,مركز حلاقة وخدمات VIP
صالون رويال,المعذر الشمالي,طريق مكة المكرمة الفرعي,501299845,غير متوفر,غير متوفر,تشذيب لحية، بخار، قص كلاسيك
صالون الخليج للحلاقة,المعذر الشمالي,شارع وادي زرقاء,566532110,غير متوفر,غير متوفر,صالون تقليدي – خدمة سريعة
صالون لمسة فنان,أم الحمام الشرقي,شارع أم الحمام – مقابل المسجد,509872210,غير متوفر,غير متوفر,خدمة حلاقة سريعة وتشذيب دقن
صالون السلطان للحلاقة,أم الحمام الشرقي,طريق العروبة – تقاطع أم الحمام,556783345,غير متوفر,غير متوفر,صالون كلاسيكي – استقبال بدون حجز
صالون أول ستايل,أم الحمام الشرقي,شارع الجامعة العربية,562299841,غير متوفر,غير متوفر,متخصص في القصات الحديثة للشباب
صالون الوسام الذهبي,أم الحمام الغربي,شارع أم الحمام – بجوار أسواق الدانوب,554210033,غير متوفر,غير متوفر,تقييم جيد، حلاقة بخار وتشذيب لحية
صالون بوكس باربر شوب,أم الحمام الغربي,شارع السلطانة – خلف لولو ماركت,531112290,غير متوفر,غير متوفر,خدمات حديثة – قصات مودرن
صالون قصر الفارس,أم الحمام الغربي,طريق مكة المكرمة الفرعي,563329011,غير متوفر,غير متوفر,صالون تقليدي، أسعار مناسبة
صالون فخامة القص,المربع,شارع الملك فيصل – قرب المتحف الوطني,556677744,غير متوفر,غير متوفر,حلاقة تقليدية وتشذيب احترافي
صالون البدر للحلاقة,المربع,شارع الأمير عبدالعزيز بن مساعد,549922010,غير متوفر,غير متوفر,متخصص في كبار السن – أجواء هادئة
صالون النجوم للحلاقة,المربع,تقاطع الملك فيصل مع شارع السلام,530088210,غير متوفر,غير متوفر,تقييم جيد – سرعة الخدمة
صالون الأندلس,الفوطة,شارع السويدي – بجوار بنده,539987344,غير متوفر,غير متوفر,صالون شعبي – أسعار منخفضة
صالون التميز للحلاقة,الفوطة,طريق المدينة المنورة – بجانب أسواق الخضار,562309122,غير متوفر,غير متوفر,خدمة سريعة وتشذيب لحية
صالون السفير للحلاقة,الفوطة,شارع الوزير,553487210,غير متوفر,غير متوفر,قصات كلاسيكية، بخار وتنظيف بشرة
صالون كلاسيك للحلاقة,الوزارات,شارع المعذر – مقابل وزارة المالية,501938853,غير متوفر,غير متوفر,أسلوب كلاسيكي – خدمة حلاقة بخار
صالون لمسة عصرية,الوزارات,شارع العليا – بجانب مجمع الوزارات,547782341,غير متوفر,غير متوفر,قصات شبابية، تشذيب لحية وتنظيف بشرة
صالون عناية الرجال,الوزارات,طريق الملك عبدالعزيز الفرعي,551934122,غير متوفر,غير متوفر,يقدم باقات عناية متكاملة – استقبال بدون حجز
صالون لمسة الشرق,النسيم الشرقي,شارع سعد بن أبي وقاص,566674301,غير متوفر,غير متوفر,صالون واسع وخدمة جيدة
صالون العروبة,النسيم الشرقي,شارع عبد الرحمن الغافقي,505123566,غير متوفر,غير متوفر,صالون قديم وسمعة طيبة
صالون الركن العصري,النسيم الشرقي,طريق الأمير بندر بن عبد العزيز,551124432,غير متوفر,غير متوفر,حلاقة بخار وعناية بالبشرة
صالون اللمسة الذهبية,النسيم الشرقي,شارع عبد الله بن عمر,543322344,غير متوفر,غير متوفر,عروض أسبوعية على الحلاقة والصبغات
صالون البندر,النسيم الغربي,شارع أسامة بن زيد,556201274,غير متوفر,غير متوفر,صالون نظيف ومرتب
صالون أطراف فاخرة,النسيم الغربي,شارع محمد بن عبد الوهاب,532211606,غير متوفر,غير متوفر,يهتم بالحلاقة التقليدية
صالون اللحية الأنيقة,النسيم الغربي,طريق عبد الله بن مسعود,566302210,غير متوفر,غير متوفر,تشذيب لحية وباقات تنظيف بشرة
صالون التميز الراقي,النسيم الغربي,شارع عبد الله بن الزبير,502299967,غير متوفر,غير متوفر,مناسب للعوائل بجوار مغسلة
صالون لمسة المهند,السلي,شارع الإمام الشافعي,555548615,غير متوفر,غير متوفر,حلاقة أطفال و كبار – بخار و صبغة
صالون بوابة السلي,السلي,شارع طلحة بن عبيد الله,535229916,غير متوفر,غير متوفر,صالون شعبي، أسعار رخيصة
صالون الوسام,السلي,شارع عمر بن عبد العزيز,568217045,غير متوفر,غير متوفر,تشكيلة زيوت شعر – مبيعات منتجات حلاقة
صالون لمسة شامية,السلي,شارع الإمام أحمد بن حنبل,541432677,غير متوفر,غير متوفر,أسلوب سوري وخدمة بخار
صالون الجزيرة الذهبي,الجزيرة,شارع الأمير سعد بن عبد الرحمن الأول,503278871,غير متوفر,غير متوفر,ديكور حديث وخدمة بخار ممتازة
صالون أنيق الجزيرة,الجزيرة,طريق هارون الرشيد,542827706,غير متوفر,غير متوفر,حلاقة مودرن وتشذيب لحية
صالون الركن الراقي,الجزيرة,شارع عبد الله بن مرخان,532119585,غير متوفر,غير متوفر,جلسات بخار وتنظيف بشرة
صالون النخبة,الجزيرة,شارع وادي ساحوق,501285542,غير متوفر,غير متوفر,يقدم صبغات شعر للرجال
صالون لمسة المنار,المنار,شارع عبد الرحمن الغافقي,501133265,غير متوفر,غير متوفر,يقدم صبغات حلاقة وتشذيب لحية
صالون فنون الخليج,المنار,شارع الإمام الشافعي,542281515,غير متوفر,غير متوفر,جلسات تنظيف بشرة وسحب لون
صالون المنار الحديث,المنار,شارع وادي الدواسر,563272310,غير متوفر,غير متوفر,صالون واسع – متخصص في القصات العصرية
صالون سبورت كير,المنار,شارع العروبة,554226633,غير متوفر,غير متوفر,يقدم منتجات شعر رياضية وعناية بالشعر
صالون لمسة الربوة,الربوة,شارع عمر بن عبد العزيز,507883161,غير متوفر,غير متوفر,صبغة + تنظيف بشرة + جلسات بخار
صالون نجم الربوة,الربوة,شارع الأمير منصور بن عبد العزيز,546612975,غير متوفر,غير متوفر,تشذيب لحية – باقات حلاقة مميزة
صالون ستايل الربوة,الربوة,شارع عبد الله بن رواحة,532481193,غير متوفر,غير متوفر,يقدم منتجات عناية باللحية والشعر
صالون ألفا,الربوة,طريق خريص الفرعي,555323877,غير متوفر,غير متوفر,متخصص في تسريحات الشعر المعاصرة
صالون لمسة السلام,السلام,شارع الزبير بن العوام,538805255,غير متوفر,غير متوفر,صبغات شعر – بخار – خدمات تنظيف بشرة
صالون كلاسيك السلام,السلام,شارع عبد الله بن عمر,508871107,غير متوفر,غير متوفر,أجواء راقية – جلسات حلاقة كاملة
صالون تي باربر,السلام,شارع عبد الله بن الزبير,562300193,غير متوفر,غير متوفر,متخصص في القصات الغربية والعصرية
صالون ريف السلام,السلام,شارع خالد بن الوليد,559088756,غير متوفر,غير متوفر,تجهيز عرسان وخدمات VIP
صالون لمسة الندوة,الندوة,شارع الإمام عبد الله بن سعود بن عبد العزيز,537658823,غير متوفر,غير متوفر,متخصص في الحلاقة الرجالية الكلاسيكية
صالون أناقة الندوة,الندوة,شارع عبد الرحمن الناصر,552129960,غير متوفر,غير متوفر,يقدم صبغات ولحية وتشذيب بخار
صالون قصر الندوة,الندوة,شارع محمد بن عبد الوهاب,568893341,غير متوفر,غير متوفر,جلسات بخار – باقات عناية يومية
صالون ستايل الندوة,الندوة,شارع حسان بن ثابت,503233120,غير متوفر,غير متوفر,أسعار مناسبة وخدمة عملاء ممتازة
صالون لمسة الجنادرية,الجنادرية,شارع الشيخ جابر الأحمد الصباح,532187740,غير متوفر,غير متوفر,باقات حلاقة وصبغة – عروض موسمية
صالون الوسيم,الجنادرية,طريق الدمام الفرعي,547782301,غير متوفر,غير متوفر,جلسات تنظيف بشرة – خدمة منازل
صالون VIP الجنادرية,الجنادرية,شارع المعيزيلة,563322115,غير متوفر,غير متوفر,أجواء فخمة – تشذيب لحية باحترافية
صالون الأناقة الرجالي,الجنادرية,شارع عبد الله بن مسعود,503442966,غير متوفر,غير متوفر,متخصص في القصات الخليجية والعصرية
صالون المعيزيلة العصري,المعيزيلة,شارع الإمام الشافعي,557769012,غير متوفر,غير متوفر,خدمة VIP – باقات حلاقة وصبغة شعر
صالون لمسة أناقة,المعيزيلة,شارع حسان بن ثابت,541238976,غير متوفر,غير متوفر,تجهيز عرسان – جلسات بخار
صالون الوسيم الذهبي,المعيزيلة,شارع عبد الله بن مسعود,534098877,غير متوفر,غير متوفر,عروض أسبوعية وتخفيضات
صالون ركن القص,المعيزيلة,شارع سعيد بن زيد,502374488,غير متوفر,غير متوفر,متخصص في القصات الشبابية المعاصرة
صالون الخليج الحديث,الخليج,شارع عبد الرحمن الناصر,548872345,غير متوفر,غير متوفر,يقدم صبغات الشعر وخدمات اللحية الكاملة
صالون أناقة الخليج,الخليج,شارع الأمير بندر,532229981,غير متوفر,غير متوفر,تجهيز عرسان – عروض شهرية مميزة
صالون الوسيم,الخليج,شارع خالد بن الوليد,503341177,غير متوفر,غير متوفر,خدمة بخار – باقات نظافة وعناية كاملة
صالون لمسة الخليج,الخليج,شارع سعود الكبير,567123499,غير متوفر,غير متوفر,فريق متكامل – خدمة سريعة واحترافية
صالون لمسة الحمراء,الحمراء,شارع خالد بن الوليد,556781123,غير متوفر,غير متوفر,خدمة صبغة شعر – جلسات بخار
صالون الوسيم الكلاسيكي,الحمراء,شارع الإمام عبد الله بن سعود,543219987,غير متوفر,غير متوفر,تجهيز عرسان – خدمة منزلية متوفرة
صالون الحمراء الراقي,الحمراء,طريق الملك عبد الله,537894421,غير متوفر,غير متوفر,باقات للعناية بالرأس والوجه
صالون الجوهرة للرجال,الحمراء,شارع الطائف,567739823,غير متوفر,غير متوفر,صبغات – تنظيف بشرة – بخار
صالون لمسة أشبيلية,أشبيلية,شارع الإمام عبدالله بن سعود,559112233,غير متوفر,غير متوفر,صبغات شعر – خدمة VIP
صالون الوسيم العصري,أشبيلية,شارع النجاح,503321477,غير متوفر,غير متوفر,تجهيز مناسبات – بخار وتنظيف بشرة
صالون أناقة الخليج أشبيلية,أشبيلية,شارع أبي الأسود الدؤلي,548906654,غير متوفر,غير متوفر,قصات عصرية – عروض أسبوعية
صالون توب ستايل,أشبيلية,طريق الإمام عبد الله بن سعود,567213345,غير متوفر,غير متوفر,باقات صبغة وعناية شاملة
صالون لمسة اليرموك,اليرموك,شارع الإمام الشافعي,501223344,غير متوفر,غير متوفر,صبغات – تنظيف بشرة – تجهيز عرسان
صالون الوسيم اليرموك,اليرموك,شارع الصحابة,538994432,غير متوفر,غير متوفر,خدمة VIP – جلسات بخار وعناية
صالون بيرفكت ستايل,اليرموك,طريق الدمام الفرعي,567349912,غير متوفر,غير متوفر,عروض نهاية الأسبوع – خدمة بالمنزل
صالون فهد للتزيين الرجالي,اليرموك,شارع النجاح,552134578,غير متوفر,غير متوفر,صبغات، ماسكات، عناية بالشعر والوجه
صالون أطلس الرجالي,القادسية,شارع جابر بن عبدالله,552119987,غير متوفر,غير متوفر,تجهيز عرسان – صبغات – بخار
صالون قادسية ستايل,القادسية,شارع الشيخ جابر,532227865,غير متوفر,غير متوفر,خدمة ممتازة – عناية بالبشرة والشعر
صالون ميامي للتزيين الرجالي,القادسية,طريق الإمام عبدالله بن سعود,567891134,غير متوفر,غير متوفر,عروض خصم على الصبغات – جلسات استرخاء
صالون الراقي القادسية,القادسية,شارع القادسية,501238823,غير متوفر,غير متوفر,خدمة رجال الأعمال – تجهيزات فاخرة
صالون الخليج الرجالي,الخليج,شارع الأمير بندر بن عبدالعزيز,553789922,غير متوفر,غير متوفر,صبغات – تسريحات عصرية – حلاقة كلاسيك
صالون دار الخليج,الخليج,شارع الخليج العام,501128344,غير متوفر,غير متوفر,عروض على العناية بالشعر والبشرة
صالون لمسة الخليج,الخليج,شارع عبدالله بن قيس,543329876,غير متوفر,غير متوفر,تجهيز عرسان – جلسات بخار
صالون قرطبة للتزيين الرجالي,قرطبة,شارع الحسن بن الحسين,501112245,غير متوفر,غير متوفر,ديكور فاخر – صبغات – حلاقة أطفال
صالون لمسة الرجل,قرطبة,شارع عمر بن الخطاب,554325678,غير متوفر,غير متوفر,خدمة بخار – صبغات – تجهيز مناسبات
صالون الفخامة الرجالي,قرطبة,طريق الدمام,567123901,غير متوفر,غير متوفر,جلسات بخار – عروض نهاية الأسبوع
صالون الرمال الرجالي,الرمال,طريق الأمير محمد بن سلمان,552347890,غير متوفر,غير متوفر,حلاقة كلاسيك – صبغات – استشوار
صالون أناقة الرمال,الرمال,شارع الخليج,531119023,غير متوفر,غير متوفر,خدمة بخار – تجهيز مناسبات
صالون غرناطة الرجالي,غرناطة,شارع عبدالله بن العباس,557234901,غير متوفر,غير متوفر,حلاقة كلاسيكية – بخار – صبغة
صالون الأناقة الأوروبية,غرناطة,شارع خالد بن الوليد,548901123,غير متوفر,غير متوفر,تجهيز عرسان – جلسات عناية
صالون لمسة النخبة,غرناطة,مقابل غرناطة مول – المدخل الخلفي,538824110,غير متوفر,غير متوفر,حلاقة + صبغة + تنظيف بشرة
صالون البيان الحديث,البيان,شارع وادي الساحل – خلف محطة وقود,557231900,غير متوفر,غير متوفر,صبغات – حلاقة كلاسيك – عروض
صالون برايم بوي,البيان,شارع وادي الخضراء – قرب بقالة الروضة,537119404,غير متوفر,غير متوفر,تنظيف بشرة – حلاقة بخار – واكس
صالون شباب البيان,البيان,شارع جبل ثور – بالقرب من مسجد الهدى,509723453,غير متوفر,غير متوفر,تجهيز عرسان – صبغات – عروض موسمية
صالون لمسة المعيزيلة,المعيزيلة,شارع الإمام الشافعي – قرب أسواق العثيم,564321901,غير متوفر,غير متوفر,حلاقة رجالية – صبغات – بخار
صالون تاج الوسامة,المعيزيلة,شارع وادي الرمة – مقابل بنده,539811456,غير متوفر,غير متوفر,واكس – تنظيف بشرة – تجهيز عرسان
صالون الريم للحلاقة,المعيزيلة,شارع الشيخ جابر – قرب مسجد خالد بن الوليد,507834290,غير متوفر,غير متوفر,خدمات متنوعة – عروض أسبوعية
صالون الوسيم الحديث,اليرموك الشرقي,شارع النجاح – قرب صيدلية النهدي,501124567,غير متوفر,غير متوفر,حلاقة – صبغة – تنظيف بشرة
صالون شباب اليرموك,اليرموك الشرقي,شارع الصحابة – خلف مدارس التربية,558943122,غير متوفر,غير متوفر,تجهيز عرسان – واكس – عروض موسمية
صالون أناقة الرجل,اليرموك الشرقي,شارع أبي جعفر المنصور – مقابل تموينات الروابي,549022331,غير متوفر,غير متوفر,بخار – صبغات – منتجات عناية بالشعر
صالون لمسة المونسية,المونسية,شارع النجاح – قرب بقالة الأمان,509377233,غير متوفر,غير متوفر,صبغة – حلاقة – تنظيف بشرة
صالون ريشة فن,المونسية,طريق الصحابة – بجوار مطعم شاورما كلاسيك,532091143,غير متوفر,غير متوفر,خدمة سريعة – عروض صبغة الشعر
صالون المهند للحلاقة,المونسية,شارع الحسن بن حسين – خلف صيدلية الدواء,548123009,غير متوفر,غير متوفر,صبغات – تجهيز عرسان – واكس
صالون لمسة فخامة,الندوة,شارع أبي عبيدة عامر بن الجراح,532194602,غير متوفر,غير متوفر,حلاقة رجالية – صبغات – استشوار
صالون النجوم اللامعة,الندوة,شارع النجاح، قرب مدارس روافد المجد,551040021,غير متوفر,غير متوفر,خدمات تجميل رجالية كاملة
صالون الطيبين للحلاقة,الندوة,تقاطع شارع النجاح مع طريق خريص,508483209,غير متوفر,غير متوفر,صبغة شعر – عناية بالبشرة – حلاقة كلاسيك
صالون ملامح الأناقة,الندوة,شارع ريحانة بنت زيد، جوار صيدلية وايتس,567832951,غير متوفر,غير متوفر,تجهيزات مناسبات رجالية
صالون الوسام الذهبي,الشرق,شارع النجاح، بجوار مركز تموينات الشرق,532248891,غير متوفر,غير متوفر,صبغة شعر – حلاقة كلاسيك – بخار وجه
صالون لمسة رجالية,الشرق,شارع النبراس، مقابل مجمع مدارس,553201934,غير متوفر,غير متوفر,خدمات حلاقة وصبغات
صالون الأطلس للحلاقة,الشرق,طريق خريص، مقابل صيدلية الدواء,501482783,غير متوفر,غير متوفر,صبغات + بخار وجه + تنظيف بشرة
صالون الزلفي,الشرق,شارع المئة، بجوار كافيه بارنز,563182597,غير متوفر,غير متوفر,صبغات + تجهيزات مناسبات
صالون الرابية الذهبي,الرابية,شارع النجاح، بالقرب من مسجد الرابية,552284971,غير متوفر,غير متوفر,صبغة شعر – استشوار – بخار
صالون قمة الوسامة,الرابية,شارع الرابية العام,509956314,غير متوفر,غير متوفر,حلاقة كلاسيكية – صبغات – تنظيف بشرة
صالون المميز,الرابية,شارع عبيدة بن الحارث,532156990,غير متوفر,غير متوفر,صبغة شعر وخدمة تجهيز عرسان
صالون الأناقة الرجالي,الرابية,شارع الإمام مسلم,558412893,غير متوفر,غير متوفر,خدمات شعر – بشرة – بخار
صالون لمسة الزاهري,الزاهري,شارع وادي زيد، مقابل بقالة الروابي,556632741,غير متوفر,غير متوفر,صبغات – حلاقة كلاسيك – تنظيف بشرة
صالون الوسيم الأنيق,الزاهري,طريق الزاهري العام – خلف محطة ساسكو,537122998,غير متوفر,غير متوفر,حلاقة بخار – تجهيز مناسبات – عروض موسمية
صالون أناقة الشباب,الزاهري,شارع الأمير نايف، بجانب مغسلة الأمانة,502239140,غير متوفر,غير متوفر,واكس – صبغات – بخار + باقات توفير
